michro,Rostislav,Michlec,2006,17
matsde,Denis,Matsenko,2005,18
vanimi,Michal,Vanish,2007,16
porida,David,Poricky,2006,17
bryclu,Lukash,Brychta,2005,18
ceteda,David,Cetermajer,2007,16
